2026-02-27,vision-agent,claude-opus-4-6-fast,122s,0B,0L,failed,swarm-2026-02-27_12-53-08
2026-02-27,context-engineer,claude-opus-4-6-fast,123s,0B,0L,failed,swarm-2026-02-27_13-02-15
2026-02-27,data-scientist,claude-opus-4-6-fast,122s,0B,0L,failed,swarm-2026-02-27_13-02-15
2026-02-27,enterprise-architect,claude-opus-4-6-fast,124s,0B,0L,failed,swarm-2026-02-27_13-02-15
2026-02-27,ai-researcher,claude-opus-4-6-fast,126s,0B,0L,failed,swarm-2026-02-27_13-02-15
2026-02-27,threat-architect,claude-opus-4-6-fast,122s,0B,0L,failed,swarm-2026-02-27_13-02-15
2026-02-27,backend-hardener,claude-opus-4-6-fast,123s,0B,0L,failed,swarm-2026-02-27_13-02-15
2026-02-27,frontend-craftsman,claude-opus-4-6-fast,126s,0B,0L,failed,swarm-2026-02-27_13-02-15
2026-02-27,swarm-controller,claude-opus-4-6-fast,122s,0B,0L,failed,swarm-2026-02-27_13-02-15
2026-02-27,qa-engineer,claude-opus-4-6-fast,122s,0B,0L,failed,swarm-2026-02-27_13-02-15
2026-02-27,security-analyst,claude-opus-4-6-fast,124s,0B,0L,failed,swarm-2026-02-27_13-02-15
2026-02-27,devops-engineer,claude-opus-4-6-fast,122s,0B,0L,failed,swarm-2026-02-27_13-02-15
2026-02-27,marketing-head,claude-opus-4-6-fast,122s,0B,0L,failed,swarm-2026-02-27_13-02-15
2026-02-27,sales-engineer,claude-opus-4-6-fast,124s,0B,0L,failed,swarm-2026-02-27_13-02-15
2026-02-27,technical-writer,claude-opus-4-6-fast,126s,0B,0L,failed,swarm-2026-02-27_13-02-15
2026-02-27,scrum-master,claude-opus-4-6-fast,122s,0B,0L,failed,swarm-2026-02-27_13-02-15
2026-02-27,agent-doctor,claude-opus-4-6-fast,122s,0B,0L,failed,swarm-2026-02-27_13-02-15
2026-02-27,vision-agent,claude-opus-4-6-fast,122s,0B,0L,failed,swarm-2026-02-27_13-02-15
2026-02-27,context-engineer,claude-opus-4-6-fast,122s,0B,0L,failed,swarm-2026-02-27_13-02-15
2026-02-27,swarm-controller,claude-opus-4-6-fast,122s,0B,0L,failed,swarm-2026-02-27_13-02-15
2026-02-27,devops-engineer,claude-opus-4-6-fast,122s,0B,0L,failed,swarm-2026-02-27_13-02-15
2026-02-27,scrum-master,claude-opus-4-6-fast,122s,0B,0L,failed,swarm-2026-02-27_13-02-15
2026-02-27,agent-doctor,claude-opus-4-6-fast,122s,0B,0L,failed,swarm-2026-02-27_13-02-15
2026-02-27,vision-agent,claude-opus-4-6-fast,122s,0B,0L,failed,swarm-2026-02-27_13-02-15
2026-02-27,agent-doctor,claude-opus-4-6-fast,752s,2289B,49L,success,swarm-2026-02-27_15-30-54
2026-02-27,agent-doctor,claude-opus-4-6-fast,959s,2441B,52L,success,swarm-2026-02-27_15-39-45
2026-02-27,vision-agent,claude-opus-4-6-fast,488s,1758B,36L,success,swarm-2026-02-27_17-04-28
2026-02-27,agent-doctor,claude-opus-4-6-fast,1124s,809B,22L,success,swarm-2026-02-27_17-04-28
2026-02-27,context-engineer,claude-opus-4-6-fast,745s,1440B,33L,success,swarm-2026-02-27_17-04-28
2026-02-27,ai-researcher,claude-opus-4-6-fast,545s,2675B,39L,success,swarm-2026-02-27_17-04-28
2026-02-27,data-scientist,claude-opus-4-6-fast,1074s,2111B,30L,success,swarm-2026-02-27_17-04-28
2026-02-27,agent-doctor,claude-opus-4-6-fast,123s,59B,1L,failed,swarm-2026-02-27_17-04-28
2026-02-27,vision-agent,claude-opus-4-6-fast,122s,59B,1L,failed,swarm-2026-02-27_17-04-28
2026-02-27,agent-doctor,claude-opus-4-6-fast,122s,59B,1L,failed,swarm-2026-02-27_18-33-23
2026-02-27,vision-agent,claude-opus-4-6-fast,123s,59B,1L,failed,swarm-2026-02-27_18-33-23
2026-02-27,context-engineer,claude-opus-4-6-fast,122s,59B,1L,failed,swarm-2026-02-27_18-33-23
2026-02-27,agent-doctor,claude-opus-4-6-fast,123s,59B,1L,failed,swarm-2026-02-27_18-33-23
2026-02-27,vision-agent,claude-opus-4-6-fast,123s,59B,1L,failed,swarm-2026-02-27_18-33-23
2026-03-01,vision-agent,claude-opus-4-6-fast,593s,1885B,39L,success,swarm-2026-03-01_19-30-59
2026-03-01,agent-doctor,claude-opus-4-6-fast,605s,2133B,40L,success,swarm-2026-03-01_19-30-59
2026-03-01,context-engineer,claude-opus-4-6-fast,536s,1803B,40L,success,swarm-2026-03-01_19-30-59
2026-03-01,data-scientist,claude-opus-4-6-fast,740s,2143B,45L,success,swarm-2026-03-01_19-30-59
2026-03-01,enterprise-architect,claude-opus-4-6-fast,838s,2043B,50L,success,swarm-2026-03-01_19-30-59
2026-03-01,ai-researcher,claude-opus-4-6-fast,942s,2479B,43L,success,swarm-2026-03-01_19-30-59
2026-03-01,threat-architect,claude-opus-4-6-fast,1442s,1730B,37L,success,swarm-2026-03-01_19-30-59
2026-03-01,backend-hardener,claude-opus-4-6-fast,2080s,1671B,32L,success,swarm-2026-03-01_19-30-59
2026-03-01,frontend-craftsman,claude-opus-4-6-fast,2119s,1761B,34L,success,swarm-2026-03-01_19-30-59
2026-03-01,swarm-controller,claude-opus-4-6-fast,815s,1908B,52L,success,swarm-2026-03-01_19-30-59
2026-03-01,security-analyst,claude-opus-4-6-fast,424s,1154B,22L,success,swarm-2026-03-01_19-30-59
2026-03-01,devops-engineer,claude-opus-4-6-fast,801s,1765B,41L,success,swarm-2026-03-01_19-30-59
2026-03-01,marketing-head,claude-opus-4-6-fast,633s,1765B,34L,success,swarm-2026-03-01_19-30-59
2026-03-01,technical-writer,claude-opus-4-6-fast,660s,2452B,30L,success,swarm-2026-03-01_19-30-59
2026-03-01,sales-engineer,claude-opus-4-6-fast,869s,1915B,38L,success,swarm-2026-03-01_19-30-59
2026-03-01,scrum-master,claude-opus-4-6-fast,583s,2330B,48L,success,swarm-2026-03-01_19-30-59
2026-03-01,agent-doctor,claude-opus-4-6-fast,866s,1897B,36L,success,swarm-2026-03-01_19-30-59
2026-03-01,vision-agent,claude-opus-4-6-fast,443s,1672B,35L,success,swarm-2026-03-01_19-30-59
2026-03-02,vision-agent,claude-opus-4-6-fast,507s,1828B,39L,success,swarm-2026-03-02_00-01-07
2026-03-02,agent-doctor,claude-opus-4-6-fast,703s,1809B,33L,success,swarm-2026-03-02_00-01-07
2026-03-02,vision-agent,claude-opus-4-6-fast,433s,1596B,40L,success,swarm-2026-03-02_00-05-50
2026-03-02,agent-doctor,claude-opus-4-6-fast,703s,1982B,44L,success,swarm-2026-03-02_00-05-50
2026-03-02,context-engineer,claude-opus-4-6-fast,804s,1448B,41L,success,swarm-2026-03-02_00-01-07
2026-03-02,context-engineer,claude-opus-4-6-fast,775s,1602B,34L,success,swarm-2026-03-02_00-05-50
2026-03-02,ai-researcher,claude-opus-4-6-fast,560s,1836B,38L,success,swarm-2026-03-02_00-01-07
2026-03-02,enterprise-architect,claude-opus-4-6-fast,770s,2329B,48L,success,swarm-2026-03-02_00-01-07
2026-03-02,enterprise-architect,claude-opus-4-6-fast,685s,1478B,27L,success,swarm-2026-03-02_00-05-50
2026-03-02,ai-researcher,claude-opus-4-6-fast,772s,1981B,39L,success,swarm-2026-03-02_00-05-50
2026-03-02,data-scientist,claude-opus-4-6-fast,946s,2042B,27L,success,swarm-2026-03-02_00-05-50
2026-03-02,data-scientist,claude-opus-4-6-fast,1608s,1677B,28L,success,swarm-2026-03-02_00-01-07
2026-03-02,backend-hardener,claude-opus-4-6-fast,968s,3134B,55L,success,swarm-2026-03-02_00-05-50
2026-03-02,frontend-craftsman,claude-opus-4-6-fast,776s,1428B,22L,success,swarm-2026-03-02_00-01-07
2026-03-02,devops-engineer,claude-opus-4-6-fast,566s,2410B,34L,success,swarm-2026-03-02_00-05-50
2026-03-02,devops-engineer,claude-opus-4-6-fast,738s,2067B,38L,success,swarm-2026-03-02_00-01-07
2026-03-02,technical-writer,claude-opus-4-6-fast,513s,2075B,29L,success,swarm-2026-03-02_00-05-50
2026-03-02,marketing-head,claude-opus-4-6-fast,599s,2589B,46L,success,swarm-2026-03-02_00-05-50
2026-03-02,sales-engineer,claude-opus-4-6-fast,986s,2280B,40L,success,swarm-2026-03-02_00-05-50
2026-03-02,technical-writer,claude-opus-4-6-fast,370s,2088B,44L,success,swarm-2026-03-02_00-01-07
2026-03-02,marketing-head,claude-opus-4-6-fast,553s,1844B,32L,success,swarm-2026-03-02_00-01-07
2026-03-02,scrum-master,claude-opus-4-6-fast,619s,1795B,33L,success,swarm-2026-03-02_00-05-50
2026-03-02,sales-engineer,claude-opus-4-6-fast,1463s,1036B,22L,success,swarm-2026-03-02_00-01-07
2026-03-02,frontend-craftsman,claude-opus-4-6-fast,993s,1656B,28L,success,swarm-2026-03-02_00-05-50
2026-03-02,scrum-master,claude-opus-4-6-fast,549s,3155B,66L,success,swarm-2026-03-02_00-01-07
2026-03-02,swarm-controller,claude-opus-4-6-fast,1109s,2418B,43L,success,swarm-2026-03-02_00-01-07
2026-03-02,qa-engineer,claude-opus-4-6-fast,859s,2166B,63L,success,swarm-2026-03-02_00-05-50
2026-03-02,qa-engineer,claude-opus-4-6-fast,1031s,2403B,58L,success,swarm-2026-03-02_00-01-07
2026-03-02,qa-engineer,claude-opus-4-6-fast,1437s,1949B,47L,success,swarm-2026-03-02_00-05-50
2026-03-02,qa-engineer,claude-opus-4-6-fast,1308s,1218B,31L,success,swarm-2026-03-02_00-01-07
2026-03-02,qa-engineer,claude-opus-4-6-fast,606s,1836B,45L,success,swarm-2026-03-02_00-05-50
2026-03-02,vision-agent,claude-opus-4-6-fast,486s,1880B,43L,success,swarm-2026-03-02_13-35-43
2026-03-02,qa-engineer,claude-opus-4-6-fast,1531s,1434B,35L,success,swarm-2026-03-02_00-01-07
